Sequences,num_matches_grbp5,num_matches_m6
LFADVSTIGDFF,"[('1', 0), ('1', 2), ('22', 5), ('0', 11)]","[('1', 0), ('1', 2), ('1221', 4), ('5', 9), ('0', 11)]"
LNSLDGQGFGFE,"[('1', 0), ('5', 4), ('2', 6), ('0', 8)]","[('1', 0), ('2', 6), ('0', 8)]"
ALNSLDGAGFGF,"[('11', 0), ('2', 3), ('0', 11)]","[('11', 0), ('21', 3), ('0', 11)]"
VVLGKKQRFHSW,"[('111', 0), ('2', 6), ('0', 8), ('20', 10)]","[('111', 0), ('2', 6), ('0', 8), ('0', 11)]"
ALNSLDGNGFGF,"[('11', 0), ('2', 3), ('0', 11)]","[('11', 0), ('21', 3), ('0', 11)]"
ALNSLDGQGFGF,"[('11', 0), ('2', 3), ('0', 11)]","[('11', 0), ('21', 3), ('0', 11)]"
AGNSGANSGMWF,"[('1', 0), ('2', 3), ('2', 6), ('0', 11)]","[('1', 0), ('2', 3), ('2', 6), ('0', 11)]"
AGGTGANSAMWF,"[('1', 0), ('2', 3), ('2', 6), ('0', 11)]","[('1', 0), ('2', 3), ('2', 6), ('0', 11)]"
ALADEHNDNFLR,"[('111', 0), ('5', 4), ('25', 6)]","[('111', 0), ('2', 6)]"
LADEHNDNFLRF,"[('11', 0), ('2', 5), ('0', 8), ('0', 11)]","[('11', 0), ('2', 5), ('0', 8), ('0', 11)]"
